targetMidi,scientificPitch,sourceMidi,sourcePath,playbackRate,peakDbfs,attackRmsDbfs,bodyRmsDbfs,durationSeconds,dcOffset,clippingSampleCount,adjacentBodyDifferenceDb,sourceAnchorBoundary,calibrationGain,boundedFinalGainDb,predictedPeakDbfs
40,E2,57,outputs/assets/audio/nylon-guitar/A3.ogg,0.374576769219,-6.037488,-13.240297,-19.809509,8.342698,0.000105181738,0,,false,0.63095734448,-4,-10.037488
41,F2,57,outputs/assets/audio/nylon-guitar/A3.ogg,0.396850262992,-6.036234,-13.370028,-20.123113,7.87458,0.000105182194,0,-0.313604,false,0.63095734448,-4,-10.036234
42,F#2,57,outputs/assets/audio/nylon-guitar/A3.ogg,0.420448207627,-6.039503,-13.486491,-20.478656,7.432494,0.000105184797,0,-0.355543,false,0.63095734448,-4,-10.039503
43,G2,57,outputs/assets/audio/nylon-guitar/A3.ogg,0.44544935907,-6.038819,-13.592573,-20.769707,7.015533,0.000105183787,0,-0.291051,false,0.63095734448,-4,-10.038819
44,G#2,57,outputs/assets/audio/nylon-guitar/A3.ogg,0.471937156341,-6.036169,-13.701132,-21.090717,6.621814,0.000105184805,0,-0.32101,false,0.63095734448,-4,-10.036169
45,A2,57,outputs/assets/audio/nylon-guitar/A3.ogg,0.5,-6.043942,-13.844787,-21.442808,6.250023,0.000105184185,0,-0.352091,false,0.63095734448,-4,-10.043942
46,A#2,57,outputs/assets/audio/nylon-guitar/A3.ogg,0.52973154718,-6.038637,-13.956637,-21.822621,5.899297,0.000105188318,0,-0.379813,false,0.649844447464,-3.743812,-9.782449
47,B2,57,outputs/assets/audio/nylon-guitar/A3.ogg,0.561231024155,-6.040045,-14.061281,-22.178383,5.568209,0.000105186255,0,-0.355762,false,0.677989471876,-3.375541,-9.415586
48,C3,57,outputs/assets/audio/nylon-guitar/A3.ogg,0.594603557501,-6.038591,-14.199022,-22.548365,5.255646,0.000105190257,0,-0.369982,false,0.708277394901,-2.995932,-9.034523
49,C#3,57,outputs/assets/audio/nylon-guitar/A3.ogg,0.629960524947,-6.039316,-14.317753,-22.954854,4.960703,0.000105188511,0,-0.406489,false,0.741918573881,-2.592875,-8.632191
50,D3,57,outputs/assets/audio/nylon-guitar/A3.ogg,0.667419927085,-6.0436,-14.433616,-23.379883,4.682268,0.000105188483,0,-0.425029,false,0.779794389623,-2.160398,-8.203998
51,D#3,57,outputs/assets/audio/nylon-guitar/A3.ogg,0.707106781187,-6.047483,-14.525701,-23.854059,4.419501,0.000105190086,0,-0.474176,false,0.82206727367,-1.701853,-7.749336
52,E3,57,outputs/assets/audio/nylon-guitar/A3.ogg,0.749153538438,-6.047538,-14.6215,-24.330879,4.171361,0.000105191966,0,-0.47682,false,0.868578962435,-1.223814,-7.271352
53,F3,57,outputs/assets/audio/nylon-guitar/A3.ogg,0.793700525984,-6.053763,-14.71053,-24.808659,3.937302,0.000105192719,0,-0.47778,false,0.920036756249,-0.723896,-6.777659
54,F#3,57,outputs/assets/audio/nylon-guitar/A3.ogg,0.840896415254,-6.039503,-14.807894,-25.363509,3.716259,0.000105196328,0,-0.55485,false,0.977373365836,-0.19879,-6.238293
55,G3,57,outputs/assets/audio/nylon-guitar/A3.ogg,0.89089871814,-6.038554,-14.902198,-25.894652,3.507687,0.000105195189,0,-0.531143,false,1.040504813738,0.344882,-5.693672
56,G#3,57,outputs/assets/audio/nylon-guitar/A3.ogg,0.943874312682,-6.066844,-14.993413,-26.454743,3.310839,0.000105197541,0,-0.560091,false,1.109677582277,0.903936,-5.162908
57,A3,57,outputs/assets/audio/nylon-guitar/A3.ogg,1,-6.046012,-15.087016,-27.029091,3.125011,0.000105194673,0,-0.574348,false,1.186236375824,1.483425,-4.562587
58,A#3,57,outputs/assets/audio/nylon-guitar/A3.ogg,1.059463094359,-6.039637,-15.171182,-27.636601,2.94966,0.00010520694,0,-0.60751,false,1.222481855446,1.744848,-4.294789
59,B3,57,outputs/assets/audio/nylon-guitar/A3.ogg,1.122462048309,-6.04195,-15.291348,-28.260782,2.784059,0.000105205303,0,-0.624181,false,1.12154298133,0.996318,-5.045632
60,C4,61,outputs/assets/audio/nylon-guitar/Cs4.ogg,0.943874312682,-6.034244,-13.738658,-23.444294,3.310839,-0.000014090856,0,4.816488,true,0.999576234268,-0.003682,-6.037926
61,C#4,61,outputs/assets/audio/nylon-guitar/Cs4.ogg,1,-6.050956,-13.73575,-23.984292,3.125011,-0.000014096582,0,-0.539998,false,0.890873256527,-1.003682,-7.054638
62,D4,61,outputs/assets/audio/nylon-guitar/Cs4.ogg,1.059463094359,-6.055275,-13.703234,-24.504661,2.94966,-0.000014101611,0,-0.520369,false,0.902721860131,-0.888921,-6.944196
63,D#4,64,outputs/assets/audio/nylon-guitar/E4.ogg,0.943874312682,-6.0181,-16.348981,-25.560035,3.310839,-0.000041280284,0,-1.055374,true,0.981273891302,-0.164195,-6.182295
64,E4,64,outputs/assets/audio/nylon-guitar/E4.ogg,1,-6.023587,-16.42424,-26.088259,3.125011,-0.000041275032,0,-0.528224,false,1.059012777228,0.498024,-5.525563
65,F4,64,outputs/assets/audio/nylon-guitar/E4.ogg,1.059463094359,-6.158627,-16.504053,-26.617256,2.94966,-0.000041283975,0,-0.528997,false,1.188231879391,1.498024,-4.660603
66,F#4,64,outputs/assets/audio/nylon-guitar/E4.ogg,1.122462048309,-6.171672,-16.587641,-27.185565,2.784059,-0.000041280608,0,-0.568309,false,1.333218096667,2.498024,-3.673648
67,G4,68,outputs/assets/audio/nylon-guitar/Gs4.ogg,0.943874312682,-6.063875,-18.14426,-35.234652,1.65542,0.000011419505,0,-8.049087,true,1.49589530807,3.498024,-2.565851
68,G#4,68,outputs/assets/audio/nylon-guitar/Gs4.ogg,1,-6.068314,-18.289713,-35.763902,1.562494,0.000011428831,0,-0.52925,false,1.584893192461,4,-2.068314
69,A4,69,outputs/assets/audio/nylon-guitar/A4.ogg,1,-6.062776,-19.746328,-38.321969,3.125011,-0.000001849534,0,-2.558067,true,1.584893192461,4,-2.062776
70,A#4,69,outputs/assets/audio/nylon-guitar/A4.ogg,1.059463094359,-6.062052,-19.962065,-38.967818,2.94966,-0.000001854778,0,-0.645849,false,1.584893192461,4,-2.062052
71,B4,69,outputs/assets/audio/nylon-guitar/A4.ogg,1.122462048309,-6.067935,-20.177205,-39.601194,2.784059,-0.000001859253,0,-0.633376,false,1.584893192461,4,-2.067935
72,C5,73,outputs/assets/audio/nylon-guitar/Cs5.ogg,0.943874312682,-5.98984,-17.351509,-29.268701,1.65542,-0.000015642826,0,10.332493,true,1.584893192461,4,-1.98984
73,C#5,73,outputs/assets/audio/nylon-guitar/Cs5.ogg,1,-6.030205,-17.400268,-30.035357,1.562494,-0.000015584501,0,-0.766656,false,1.584893192461,4,-2.030205
74,D5,73,outputs/assets/audio/nylon-guitar/Cs5.ogg,1.059463094359,-6.01013,-17.471113,-30.823088,1.47483,-0.000015651374,0,-0.787731,false,1.584893192461,4,-2.01013
75,D#5,76,outputs/assets/audio/nylon-guitar/E5.ogg,0.943874312682,-6.094305,-15.41684,-33.044299,1.523311,-0.000042753253,0,-2.221211,true,1.584893192461,4,-2.094305
76,E5,76,outputs/assets/audio/nylon-guitar/E5.ogg,1,-6.095595,-15.534423,-33.576938,1.4378,-0.000042755124,0,-0.532639,false,1.584893192461,4,-2.095595
